altitude,derived_speed,distance,gender,heart_rate,id,latitude,longitude,since_begin,since_last,sport,time_elapsed,timestamp,userId,tar_derived_speed,tar_heart_rate
-1.881990398592577,-7.08294443900644,-4.372303649217692,male,-7.350268187424819,501309088,40.258622,-74.07531999999998,-14.805054276856485,-0.011580266728650795,run,-0.12256752559145224,1428801160,5273972,0.0,104.0
-1.8689910332731725,-4.970624573846292,-3.457349264464045,male,-7.485629501261553,501309088,40.258691,-74.075377,-14.805054276856485,-0.011580266728650795,run,-0.12212174572209425,1428801167,5273972,5.310185881002548,103.36082550767642
-1.862540254163866,-3.4803077192893928,-2.6807439843205594,male,-6.41211963469796,501309088,40.258805,-74.075461,-14.805054276856485,-0.011580266728650795,run,-0.12167596585273625,1428801175,5273972,9.056711040291422,108.42992615775371
-1.8521852558154417,-3.5639565070370365,-2.7295963799891068,male,-3.98117672349105,501309088,40.258977,-74.075599,-14.805054276856485,-0.011580266728650795,run,-0.12123018598337824,1428801183,5273972,8.846425363871463,119.90880928245731
-1.858184483710847,-3.9656502399308495,-2.9165845421791223,male,-2.189985049475914,501309088,40.259123,-74.075714,-14.805054276856485,-0.011580266728650795,run,-0.12078440611402022,1428801191,5273972,7.8366027399014815,128.3667947765527
-1.8642007639322449,-3.3482406816682615,-2.6280405274088,male,-2.4065651400279,501309088,40.25913900000001,-74.075913,-14.805054276856485,-0.011580266728650795,run,-0.12033862624466225,1428801199,5273972,9.388715927471893,127.3441061995718
-1.8566771069245536,-3.767849848139952,-2.8240833736103426,male,-1.363552301295436,501309088,40.259103,-74.07615899999998,-14.805054276856485,-0.011580266728650795,run,-0.11989284637530424,1428801207,5273972,8.33385548323312,132.26920025183452
-1.85395119731583,-3.5380442274608166,-2.716744837581285,male,-0.1912045903655926,501309088,40.259084,-74.076379,-14.805054276856485,-0.011580266728650795,run,-0.1194470665059462,1428801215,5273972,8.911566549834701,137.805012011641
-1.8570404765302508,-3.8088208046681102,-2.843205172905234,male,0.04883335036525094,501309088,40.259048,-74.076598,-14.805054276856485,-0.011580266728650795,run,-0.1190012866365882,1428801223,5273972,8.230858111255792,138.93846827441104
-1.8648387905247288,-3.763276924881077,-2.8219353064696344,male,0.3597634860731259,501309088,40.259025,-74.076829,-14.805054276856485,-0.011580266728650795,run,-0.1185555067672302,1428801231,5273972,8.345351409074992,140.40667662734472
-1.869688734863456,-3.898208937093553,-2.8849518549560136,male,0.20728385324442972,501309088,40.259002,-74.077044,-14.805054276856485,-0.011580266728650795,run,-0.11810972689787222,1428801239,5273972,8.006144228399426,139.68666963908132
-1.8795520446312144,-3.7291738556432015,-2.8060082286598624,male,1.0373526071273416,501309088,40.258987,-74.077258,-14.805054276856485,-0.011580266728650795,run,-0.1176639470285142,1428801247,5273972,8.431083518000683,143.60624428946247
-1.8842379755504408,-3.2475820406112277,-2.5810927073614542,male,0.7088844106263935,501309088,40.258954,-74.077474,-14.805054276856485,-0.011580266728650795,run,-0.1172181671591562,1428801255,5273972,9.641762875217866,142.05522142486356
-1.895999630789453,-3.621434912219029,-2.7556914240812267,male,1.4283404885896145,501309088,40.258925,-74.077676,-14.805054276856485,-0.011580266728650795,run,-0.1167723872897982,1428801263,5273972,8.701929721571181,145.45248435285112
-1.9035099504018824,-4.245245440716266,-3.047026669341444,male,1.2365442451681259,501309088,40.258908,-74.077899,-14.805054276856485,-0.011580266728650795,run,-0.1163266074204402,1428801271,5273972,7.133725059255222,144.5468248032818
-1.9029941556950205,-2.6545333131491486,-2.3041239986720203,male,0.5624936817220387,501309088,40.258874,-74.078144,-14.805054276856485,-0.011580266728650795,run,-0.1158808275510822,1428801279,5273972,11.132635082243624,141.3639661675367
-1.9093409082806672,-3.4083177511129423,-2.6561603365805944,male,0.6109844253348178,501309088,40.258845,-74.078395,-14.805054276856485,-0.011580266728650795,run,-0.1154350476817242,1428801287,5273972,9.237687472360069,141.59293887438014
-1.892850808663808,-5.340438210780646,-3.558509306339498,male,1.961745080947345,501309088,40.258838,-74.078577,-14.805054276856485,-0.011580266728650795,run,-0.1149892678123662,1428801295,5273972,4.380507007153522,147.97121440843057
-1.8838001829744733,-2.3488007796705896,-2.161339197019592,male,1.9662000905148176,501309088,40.258824,-74.078788,-14.805054276856485,-0.011580266728650795,run,-0.1145434879430082,1428801303,5273972,11.901219712544346,147.9922509099085
-1.8735502414312053,-2.9617298188442587,-2.4475925122650333,male,1.9515908048258368,501309088,40.258756,-74.079075,-14.805054276856485,-0.011580266728650795,run,-0.1140977080736502,1428801311,5273972,10.360370154880544,147.92326603898206
-1.8677038382582192,-3.951253455172047,-2.909724999566319,male,2.1723370766873007,501309088,40.258713,-74.079336,-14.805054276856485,-0.011580266728650795,run,-0.1136519282042922,1428801319,5273972,7.872794987306317,148.96562727388812
-1.8619458146002548,-3.63579904919894,-2.762399838336708,male,1.9466642048810296,501309088,40.258698,-74.079412,-14.805054276856485,-0.011580266728650795,run,-0.11320614833493416,1428801327,5273972,8.665819547803665,147.90000269342676
-1.8482364663584798,-3.888947235055978,-2.88062642382796,male,1.8828499758086428,501309088,40.258679,-74.079661,-14.805054276856485,-0.011580266728650795,run,-0.1127603684655762,1428801335,5273972,8.029427330644102,147.59867267294868
-1.853070399590392,-2.9127354615813528,-2.4247109121148185,male,1.3660222718245507,501309088,40.258649,-74.079971,-14.805054276856485,-0.011580266728650795,run,-0.11231458859621818,1428801343,5273972,10.483537648818093,145.15821848445566
-1.8616445634957448,-3.589844971030705,-2.7409381251791163,male,1.3333313468164725,501309088,40.25862100000001,-74.08023100000003,-14.805054276856485,-0.011580266728650795,run,-0.11186880872686017,1428801351,5273972,8.781344048182753,145.00385233061633
-1.8548706464332416,-3.1590118369199005,-2.539728188833056,male,1.3935414422716277,501309088,40.258641,-74.08043599999998,-14.805054276856485,-0.011580266728650795,run,-0.11142302885750216,1428801359,5273972,9.864420557359935,145.28816367559713
-1.8536733950632744,-3.649730752597856,-2.7689062950879366,male,0.23897439605486026,501309088,40.258618,-74.08066099999998,-14.805054276856485,-0.011580266728650795,run,-0.11097724898814416,1428801367,5273972,8.630796473927669,139.8363120002418
-1.8606381989032248,-4.050190026347122,-2.955930872820522,male,-9.9744632671196,501309088,40.258588,-74.080872,-14.805054276856485,-0.011580266728650795,run,-0.11053146911878617,1428801375,5273972,7.624077171395018,91.60858246511292
-1.8606558000272344,-3.595522352497285,-2.743589605469415,male,-10.311983369526104,501309088,40.258546,-74.081087,-14.805054276856485,-0.011580266728650795,run,-0.11008568924942816,1428801383,5273972,8.76707161179556,90.01481660993755
-1.851355006012956,-3.9264479096595903,-2.898140184382845,male,-11.866878366992859,501309088,40.258462,-74.08134,-14.805054276856485,-0.011580266728650795,run,-0.10963990938007018,1428801391,5273972,7.935153941422781,82.67262117423897
-1.8527221296923144,-4.487563380640731,-3.160195256892351,male,-2.4423541285892205,501309088,40.258451,-74.08157,-14.805054276856485,-0.011580266728650795,run,-0.10919412951071217,1428801399,5273972,6.524559125381392,127.17511102697728
-1.8618141457396744,-3.9175409553149914,-2.893980412130388,male,1.7179196470899305,501309088,40.258417,-74.081826,-14.805054276856485,-0.011580266728650795,run,-0.10874834964135416,1428801407,5273972,7.957545239248235,146.8198736487704
-1.8666778011578355,-4.846177418715711,-3.3276770545094214,male,1.1561829157890606,501309088,40.258368,-74.08205600000002,-14.805054276856485,-0.011580266728650795,run,-0.10830256977199616,1428801415,5273972,5.623035055507303,144.16735957461043
-1.8723606496002057,-3.516780385481332,-2.7068151215296345,male,1.3601713602213898,501309088,40.258346,-74.082273,-14.805054276856485,-0.011580266728650795,run,-0.10785678990263817,1428801423,5273972,8.965021973569382,145.13059055039102
-1.8960073504217079,-3.733302747022853,-2.807936523608941,male,1.4583612376782331,501309088,40.258327,-74.082471,-14.805054276856485,-0.011580266728650795,run,-0.10741101003328016,1428801431,5273972,8.420703849149367,145.59424196818452
-1.8929519584883567,-3.5232621292542308,-2.7098422592966847,male,0.6926742147039411,501309088,40.258302,-74.082695,-14.805054276856485,-0.011580266728650795,run,-0.10696523016392216,1428801439,5273972,8.948727441271117,141.97867707511162
-1.8985252553161571,-4.068411813586414,-2.9644409068867468,male,1.1642650356344495,501309088,40.258277,-74.08291899999998,-14.805054276856485,-0.011580266728650795,run,-0.10651945029456417,1428801447,5273972,7.578269205035065,144.20552324710042
-1.8945867589368568,-3.74093594366194,-2.8115014189637137,male,0.922725525696654,501309088,40.258248,-74.08309,-14.805054276856485,-0.011580266728650795,run,-0.10607367042520616,1428801455,5273972,8.401514665878244,143.0649765926347
-1.8832202210277784,-3.519329783223045,-2.7080057542200864,male,0.9412179839116028,501309088,40.258221,-74.083269,-14.805054276856485,-0.011580266728650795,run,-0.10562789055584816,1428801463,5273972,8.958613012447351,143.1522977574219
-1.9006386190809683,-3.4882555385943435,-2.69349329955635,male,1.1304096121332363,501309088,40.258159,-74.08345600000001,-14.805054276856485,-0.011580266728650795,run,-0.10518211068649017,1428801471,5273972,9.036730923381091,144.045658345413
-1.9000232552250127,-3.950228807153725,-2.9092464671177662,male,1.1039101648382288,501309088,40.258084,-74.083556,-14.805054276856485,-0.011580266728650795,run,-0.10473633081713214,1428801479,5273972,7.875370862073032,143.92052827470408
-1.8877115202650916,-3.7484077459123033,-2.8149908905309635,male,1.3962526057978164,501309088,40.257902,-74.08350899999998,-14.805054276856485,-0.011580266728650795,run,-0.10429055094777416,1428801487,5273972,8.382731213868945,145.30096575708808
-1.9013089168634625,-3.615353382768786,-2.7528514382096203,male,2.202281696635159,501309088,40.257754,-74.083496,-14.805054276856485,-0.011580266728650795,run,-0.10384477107841614,1428801495,5273972,8.717218150352366,149.10702540833643
-1.8986339865642567,-3.7732004703913935,-2.826569239455208,male,1.9740110085839668,501309088,40.257568,-74.0835,-14.805054276856485,-0.011580266728650795,run,-0.10339899120905813,1428801503,5273972,8.320404490699834,148.02913397088008
-1.907787633394308,-3.9009831125771446,-2.88624457832497,male,2.1949150606775656,501309088,40.257395,-74.083536,-14.805054276856485,-0.011580266728650795,run,-0.10295321133970012,1428801511,5273972,7.999170195854753,149.0722402421404
-1.9023238489780423,-3.97622205234204,-2.9214210094650577,male,1.6685173347945337,501309088,40.257243,-74.083559,-14.805054276856485,-0.011580266728650795,run,-0.10250743147034212,1428801519,5273972,7.810026135700369,146.5865965255954
-1.912854198273439,-3.343741136129174,-2.6258265125045144,male,0.9052379258516148,501309088,40.257093,-74.083613,-14.805054276856485,-0.011580266728650795,run,-0.10206165160098413,1428801527,5273972,9.400027388196516,142.98240035695784
-1.901676975750584,-3.5285540854079245,-2.7126952247618044,male,2.3115661939601444,501309088,40.25692100000001,-74.083703,-14.805054276856485,-0.011580266728650795,run,-0.10161587173162613,1428801535,5273972,8.935423930134512,149.62306548741537
-1.902990697805896,-3.6614674168209262,-2.776489938177205,male,1.9711909452097685,501309088,40.256768,-74.083812,-14.805054276856485,-0.011580266728650795,run,-0.10117009186226814,1428801543,5273972,8.60129153498572,148.0158176656195
-1.9273850744956083,-3.593423528031792,-2.7172365223187214,male,2.3118156597411605,501309088,40.256636,-74.083973,-14.805054276856485,-0.011580266728650795,run,-0.10072431199291013,1428801551,5273972,8.772347871431798,149.62424346182638
-1.9158472739086456,-3.379864026947515,-2.8208728465012176,male,1.9142939044451923,501309088,40.256524,-74.084121,-14.805054276856485,-0.011580266728650795,run,-0.10027853212355213,1428801559,5273972,9.309217625921226,147.74715052495273
-1.9307168246925368,-3.6762456201814766,-2.7812894067762595,male,2.1796163680584875,501309088,40.256411,-74.084272,-14.805054276856485,-0.011580266728650795,run,-0.09983275225419412,1428801567,5273972,8.564140434848795,149.0
-1.930792820030802,-3.7880641834753104,-2.8409924542702,male,1.948790210410961,501309088,40.2563,-74.08445,-14.805054276856485,-0.011580266728650795,run,-0.09938697238483613,1428801575,5273972,8.283038426658436,147.91004166591273
-1.931855604138384,-3.669972841927733,-2.7762858789873093,male,1.9325171700319443,501309088,40.256194,-74.084626,-14.805054276856485,-0.011580266728650795,run,-0.09894119251547813,1428801583,5273972,8.579909646258056,147.8332005653944
-1.935657705999068,-3.4836606995022623,-2.6916438672003644,male,2.29804238274244,501309088,40.256096,-74.084802,-14.805054276856485,-0.011580266728650795,run,-0.0984954126461201,1428801591,5273972,9.048281943695148,149.55920621385823
-1.9397672885416395,-1.4030237542540047,-1.7196374800094048,male,2.3913915804025603,501309088,40.255992,-74.08496600000002,-14.805054276856485,-0.011580266728650795,run,-0.0980496327767621,1428801599,5273972,14.27881975777375,150.0
-1.9300122493070515,-4.263579516969752,-3.05557881235402,male,2.4231048018105383,501309088,40.255907,-74.08511899999998,-14.805054276856485,-0.011580266728650795,run,-0.09760385290740413,1428801607,5273972,7.087634808214999,150.14974944922477
-1.9304557109004268,-3.6680624853118253,-2.77747054109021,male,2.136671656047347,501309088,40.255793,-74.085307,-14.805054276856485,-0.011580266728650795,run,-0.0971580730380461,1428801615,5273972,8.584712114339139,148.79721558752888
-1.917825350924421,-3.643792576921627,-2.766132607830888,male,2.2758559397635283,501309088,40.255647,-74.085454,-14.805054276856485,-0.011580266728650795,run,-0.09671229316868812,1428801623,5273972,8.645724523961622,149.454442097542
-1.918875995539442,-3.4477451554594887,-2.6745739285049632,male,2.3913915804025616,501309088,40.255507,-74.085598,-14.805054276856485,-0.011580266728650795,run,-0.0962665132993301,1428801631,5273972,9.13857045446007,150.0
-1.9355296332453311,-3.219947772014548,-2.5681868211889323,male,2.4442257041277538,501309088,40.255358,-74.085712,-14.805054276856485,-0.011580266728650795,run,-0.0958207334299721,1428801639,5273972,9.711232989737098,150.24948209538024
-1.944092657326784,-3.5439482827624285,-2.719503210595125,male,2.5995060599163,501309088,40.255195,-74.085782,-14.805054276856485,-0.011580266728650795,run,-0.0953749535606141,1428801647,5273972,8.896724275413867,150.98271406370074
-1.9425954146141828,-3.679088104882489,-2.782616919365597,male,2.775835629479268,501309088,40.25503300000001,-74.085894,-14.805054276856485,-0.011580266728650795,run,-0.09492917369125607,1428801655,5273972,8.55699467895489,151.81534016574184
-1.9371781094507883,-3.495531451245256,-2.6968913334861577,male,2.814942005090708,501309088,40.254898,-74.086011,-14.805054276856485,-0.011580266728650795,run,-0.09448339382189808,1428801662,5273972,9.018439920551671,152.0
-1.9436600422490704,-3.7216104125835554,-2.8024759086035167,male,3.325894917923188,501309088,40.254748,-74.086119,-14.805054276856485,-0.011580266728650795,run,-0.09403761395254008,1428801670,5273972,8.450097346923819,154.41271349548845
-1.9442386500348152,-3.6781713782338272,-2.7821887843468494,male,2.834595230419747,501309088,40.254596,-74.086198,-14.805054276856485,-0.011580266728650795,run,-0.09359183408318207,1428801678,5273972,8.559299248914561,152.09280229310838
-1.936910906811344,-3.391295296203135,-2.6482104209453734,male,3.1965139035941657,501309088,40.254454,-74.08632800000002,-14.805054276856485,-0.011580266728650795,run,-0.09314605421382408,1428801686,5273972,9.280480422998352,153.80177790535518
-1.9391301988666945,-3.7835926304301988,-2.8314231671326078,male,3.8738180668110753,501309088,40.254291,-74.08637900000002,-14.805054276856485,-0.011580266728650795,run,-0.09270027434446608,1428801694,5273972,8.294279516721518,157.0
-1.9368421385558792,-3.1353083805677997,-2.5286580770747773,male,3.796191263608563,501309088,40.254099,-74.08645200000002,-14.805054276856485,-0.011580266728650795,run,-0.09225449447510807,1428801702,5273972,9.924008956507214,156.633447170973
-1.9322170576132165,-3.5894717609657345,-2.740763826668917,male,3.890426691556069,501309088,40.253816,-74.086404,-14.805054276856485,-0.011580266728650795,run,-0.09180871460575007,1428801710,5273972,8.782282265377194,157.0784257258494
-1.9254662163171508,-3.3086254186898065,-2.609601503768688,male,3.799819859512207,501309088,40.253739,-74.08658199999998,-14.805054276856485,-0.011580266728650795,run,-0.09136293473639208,1428801718,5273972,9.488305205407526,156.65058135709174
-1.9238939878990768,-3.704295556224708,-2.7943894341393323,male,3.4502676421229284,501309088,40.253609,-74.086704,-14.805054276856485,-0.011580266728650795,run,-0.09091715486703407,1428801726,5273972,8.493625369021633,155.0
-1.918219787474989,-4.320887514238963,-3.0823534248374886,male,3.4409304137256944,501309088,40.253478,-74.086854,-14.805054276856485,-0.011580266728650795,run,-0.09047137499767607,1428801734,5273972,6.9435675563812245,154.95590972005704
-1.9236721507881047,-4.417380127255731,-3.127417908011558,male,2.8683034695416474,501309088,40.253335,-74.08698100000002,-14.805054276856485,-0.011580266728650795,run,-0.09002559512831806,1428801742,5273972,6.700993635776722,152.2519721919308
-1.9178748689671496,-3.8836361450749415,-2.8781460108968195,male,1.8995054370570401,501309088,40.253202,-74.08714499999998,-14.805054276856485,-0.011580266728650795,run,-0.08957981525896005,1428801750,5273972,8.042778942535469,147.6773195602026
-1.9157051258758149,-3.5511700223034786,-2.7228759490012013,male,3.2384924297788547,501309088,40.253053,-74.087317,-14.805054276856485,-0.011580266728650795,run,-0.08913403538960207,1428801758,5273972,8.878569459005769,154.0
-1.9042854642722624,-3.252110957632925,-2.5832078255402093,male,3.421898342204638,501309088,40.252904,-74.087437,-14.805054276856485,-0.011580266728650795,run,-0.08868825552024406,1428801766,5273972,9.630377577175883,154.86604050774272
-1.899139123537924,-4.083349900876369,-2.9714173702948705,male,3.5548226138628003,501309088,40.252756,-74.087577,-14.805054276856485,-0.011580266728650795,run,-0.08824247565088608,1428801774,5273972,7.54071617079785,155.4937073162746
-1.89043561705534,-3.953716027667632,-2.910875083011286,male,2.8185277948937286,501309088,40.252605,-74.087676,-14.805054276856485,-0.011580266728650795,run,-0.08779669578152806,1428801782,5273972,7.866604297196982,152.0169320562276
-1.878264080036148,-3.6047487510250376,-2.7478985662096442,male,4.085593279155147,501309088,40.252425,-74.087688,-14.805054276856485,-0.011580266728650795,run,-0.08735091591217005,1428801790,5273972,8.74387725946159,158.0
-1.8741694364229136,-3.8682489205050934,-2.870959789060303,male,3.536198118616485,501309088,40.252265,-74.087749,-14.805054276856485,-0.011580266728650795,run,-0.08690513604281205,1428801798,5273972,8.081461068290334,155.40576267421676
-1.8731129160895823,-3.501175764843027,-2.699527370247976,male,3.4616888540965696,501309088,40.252088,-74.087788,-14.805054276856485,-0.011580266728650795,run,-0.08645935617345404,1428801806,5273972,9.004250613870811,155.0539308252709
-1.8852018043638925,-3.0507966030176097,-2.4891889461397176,male,3.3215076207282173,501309088,40.251923,-74.087804,-14.805054276856485,-0.011580266728650795,run,-0.08601357630409605,1428801814,5273972,10.136464113194112,154.39199673101726
-1.910292050445448,-3.4205171989958267,-2.6618577863303514,male,2.814942005090708,501309088,40.251735,-74.08781,-14.805054276856485,-0.011580266728650795,run,-0.08556779643473804,1428801822,5273972,9.207019136104657,152.0
-1.9209457189394603,-3.2922636747324088,-2.601960156807581,male,2.5374970696940564,501309088,40.251573,-74.087856,-14.805054276856485,-0.011580266728650795,run,-0.08512201656538004,1428801830,5273972,9.52943718697158,150.68990835931316
-1.9341495182359856,-3.3350117243845263,-2.621924573811845,male,2.4359438304233016,501309088,40.251375,-74.0879,-14.805054276856485,-0.011580266728650795,run,-0.08467623669602202,1428801838,5273972,9.421972359581027,150.21037518757558
-1.9381206121988583,-3.6605809950902213,-2.7739736319077717,male,1.8995298181179767,501309088,40.251212,-74.087976,-14.805054276856485,-0.011580266728650795,run,-0.08423045682666402,1428801846,5273972,8.603519921053872,147.67743468727846
-1.9572457052759968,-3.385086773814486,-2.645310884453445,male,1.9678411557144144,501309088,40.251036,-74.08805799999998,-14.805054276856485,-0.011580266728650795,run,-0.08378467695730604,1428801854,5273972,9.296088100828714,148.0
-1.9531098270368763,-3.7851843998650248,-2.8321665634287965,male,2.4126930289024995,501309088,40.250866,-74.08815899999998,-14.805054276856485,-0.011580266728650795,run,-0.08333889708794802,1428801862,5273972,8.290277948721316,150.10058518305402
-1.953960464563324,-3.4660619056368365,-2.683128313807613,male,1.5727603865078972,501309088,40.250714,-74.088258,-14.805054276856485,-0.011580266728650795,run,-0.08289311721859004,1428801870,5273972,9.092523759647477,146.13443337001772
-1.9507473972537392,-3.7454654928860753,-2.8136168284611065,male,2.5015760377335914,501309088,40.250591,-74.08837700000002,-14.805054276856485,-0.011580266728650795,run,-0.08244733734923203,1428801878,5273972,8.390127778535076,150.52028967937954
-1.939118535897817,-3.4824195364514177,-2.6907677386830597,male,2.6031667927466344,501309088,40.250484,-74.088356,-14.805054276856485,-0.011580266728650795,run,-0.08200155747987402,1428801886,5273972,9.051402118161773,151.0
-1.9290012261423064,-3.3115735911926363,-2.610978493108978,male,2.7491951429681802,501309088,40.250415,-74.08815899999998,-14.805054276856485,-0.011580266728650795,run,-0.08155577761051602,1428801894,5273972,9.480893759699184,151.6895441095547
-1.92270160730122,-3.595520860927905,-2.743588080264212,male,3.891790353180218,501309088,40.250339,-74.08798,-14.805054276856485,-0.011580266728650795,run,-0.08110999774115801,1428801902,5273972,8.767075361469459,157.08486491960142
-1.9122982435835236,-4.1473293841389465,-3.0013003909303437,male,3.786135175034536,501309088,40.250214,-74.087815,-14.805054276856485,-0.011580266728650795,run,-0.08066421787180003,1428801910,5273972,7.379877391454638,156.58596244194018
-1.9130969944605367,-3.6372533238918017,-2.7630790212853094,male,3.6620428544670016,501309088,40.25004000000001,-74.087688,-14.805054276856485,-0.011580266728650795,run,-0.08021843800244202,1428801918,5273972,8.662163629460755,156.0
-1.9179332326927798,-3.5587408325922034,-2.7263259518330702,male,4.1314117991991886,501309088,40.249898,-74.087593,-14.805054276856485,-0.011580266728650795,run,-0.07977265813308403,1428801926,5273972,8.859537109518355,158.21635449936227
-1.9240933526227155,-3.6892269059599974,-2.787951903191732,male,3.989948146945572,501309088,40.249764,-74.0875,-14.805054276856485,-0.011580266728650795,run,-0.07932687826372603,1428801934,5273972,8.531506627064607,157.54836483859037
-1.9409619865542531,-3.5504609879689566,-2.720380911087393,male,3.6109049339924972,501309088,40.249611,-74.087437,-14.805054276856485,-0.011580266728650795,run,-0.07888109839436801,1428801942,5273972,8.880351908801575,155.7585273559239
-1.954813976264994,-3.5013186594014614,-2.699594105609604,male,2.6031667927466344,501309088,40.249443,-74.087374,-14.805054276856485,-0.011580266728650795,run,-0.07843531852501001,1428801950,5273972,9.003891389551058,151.0
-1.964742089156542,-3.397925780359219,-2.7166353714196134,male,2.3134767423616425,501309088,40.249282,-74.087319,-14.805054276856485,-0.011580266728650795,run,-0.07798953865565203,1428801958,5273972,9.263811970492377,149.63208707393798
-1.9719843423330188,-3.8260349168716106,-2.94768137063929,male,1.5298897258712283,501309088,40.249126,-74.087276,-14.805054276856485,-0.011580266728650795,run,-0.077543758786294,1428801966,5273972,8.187583351081113,145.93199862724424
-1.9741236265010471,-4.186081583884315,-3.0123311266087107,male,1.2972259405875393,501309088,40.248925,-74.087259,-14.805054276856485,-0.011580266728650795,run,-0.07709797891693597,1428801974,5273972,7.282457778383849,144.8333630376093
-1.9824227664527023,-3.3436763736904656,-2.624689251824865,male,1.803518093418245,501309088,40.248727,-74.08725799999998,-14.805054276856485,-0.011580266728650795,run,-0.076652199047578,1428801982,5273972,9.400190195256807,147.22406848054914
-1.976099530002168,-3.1221985374970638,-2.5231232296324064,male,1.9437069023871576,501309088,40.248543,-74.087257,-14.805054276856485,-0.011580266728650795,run,-0.07620641917821999,1428801990,5273972,9.956965945988113,147.88603834669732
-1.9894141289807104,-3.4608274875673795,-2.6805659426668207,male,2.299235499368081,501309088,40.248354,-74.087283,-14.805054276856485,-0.011580266728650795,run,-0.075760639308862,1428801998,5273972,9.105682625113898,149.56484009618296
-1.9844294105084488,-4.114985532313444,-2.986201765470544,male,3.354567683879965,501309088,40.248169,-74.08733000000002,-14.805054276856485,-0.011580266728650795,run,-0.07531485943950399,1428802006,5273972,7.461186982929792,154.54810595072158
-1.9807854972969592,-4.670946442909207,-3.2458415412874144,male,3.8633791853092574,501309088,40.247989,-74.087386,-14.805054276856485,-0.011580266728650795,run,-0.07486907957014599,1428802014,5273972,6.063550277178737,156.95070772737625
-1.9634499613212333,-3.4979995193651034,-2.6980431716740982,male,3.711166293340783,501309088,40.24783,-74.087469,-14.805054276856485,-0.011580266728650795,run,-0.07442329970078798,1428802022,5273972,9.012235414927538,156.2319602862396
-1.9563853730508445,-2.852410099051306,-2.396537609471897,male,3.876453315234528,501309088,40.247658,-74.087561,-14.805054276856485,-0.011580266728650795,run,-0.07397751983142999,1428802030,5273972,10.635190290852556,157.01244361129088
-1.9425694843496224,-3.7341332709902977,-2.8083243857640587,male,4.05830218131825,501309088,40.247504,-74.087638,-14.805054276856485,-0.011580266728650795,run,-0.07353173996207199,1428802038,5273972,8.418615985129103,157.87113176497462
-1.9375854128368588,-3.28025177573186,-2.596350294669107,male,4.352103653256708,501309088,40.247335,-74.08771999999998,-14.805054276856485,-0.011580266728650795,run,-0.07308596009271398,1428802046,5273972,9.559634041874476,159.25845877405402
-1.9406548417544824,-3.6263733930072792,-2.7579978203648405,male,4.689671227536401,501309088,40.247168,-74.08779399999997,-14.805054276856485,-0.011580266728650795,run,-0.07264018022335597,1428802054,5273972,8.689514816334572,160.85244879084243
-1.9481775565075856,-3.3627665918527416,-2.6348867964876517,male,4.472374434681137,501309088,40.24701,-74.087867,-14.805054276856485,-0.011580266728650795,run,-0.07219440035399798,1428802062,5273972,9.352199070132915,159.82637595422443
-1.951811806600496,-3.619081619242914,-2.754592377064621,male,4.536144240287554,501309088,40.24684600000001,-74.087967,-14.805054276856485,-0.011580266728650795,run,-0.07174862048463998,1428802070,5273972,8.707845692604613,160.12749620763162
-1.9607711662137088,-3.1088588222492133,-2.516305466463236,male,4.049472206959563,501309088,40.246675,-74.088066,-14.805054276856485,-0.011580266728650795,run,-0.07130284061528197,1428802078,5273972,9.990500813852627,157.82943673248738
-1.9545142030584453,-3.4488488288127845,-2.6750893717866284,male,4.238509440115024,501309088,40.246494,-74.088143,-14.805054276856485,-0.011580266728650795,run,-0.07085706074592397,1428802086,5273972,9.13579591696952,158.722068268837
-1.9624971143873238,-3.3780806286146245,-2.642038837997521,male,4.5852417973410775,501309088,40.246354,-74.088236,-14.805054276856485,-0.011580266728650795,run,-0.07041128087656598,1428802094,5273972,9.313700932073727,160.35933428022796
-1.970598078825432,-3.511766415001032,-2.7044734708967617,male,4.125990361248973,501309088,40.246222,-74.088329,-14.805054276856485,-0.011580266728650795,run,-0.06996550100720796,1428802102,5273972,8.97762665323528,158.1907545347101
-1.9701223394916207,-3.626920303114182,-2.7582532400528126,male,4.107691367137037,501309088,40.246067,-74.08843,-14.805054276856485,-0.011580266728650795,run,-0.06951972113784996,1428802110,5273972,8.688139932551223,158.10434690508532
-1.9756357364495547,-3.72066545428212,-2.8020345892709635,male,3.8628586087550407,501309088,40.245917,-74.08855600000003,-14.805054276856485,-0.011580266728650795,run,-0.06907394126849196,1428802118,5273972,8.452472888769153,156.94824957116214
-1.9743767896178912,-3.4599397995617616,-2.680269134767697,male,3.374983970644103,501309088,40.245784,-74.0887,-14.805054276856485,-0.011580266728650795,run,-0.06862816139913397,1428802126,5273972,9.107914194485524,154.64451141072868
-1.974028265876368,-3.889369808214786,-2.8808237761475786,male,3.508301073250592,501309088,40.245644,-74.088829,-14.805054276856485,-0.011580266728650795,run,-0.06818238152977596,1428802134,5273972,8.028365018984491,155.27403316226346
-1.9831919800420728,-3.485461300535965,-2.6921883192033933,male,2.5531939810954154,501309088,40.24551500000001,-74.088992,-14.805054276856485,-0.011580266728650795,run,-0.06773660166041795,1428802142,5273972,9.043755391469707,150.7640289857435
-1.9861889653840483,-3.878908391432287,-2.8759380307435247,male,2.595541235324892,501309088,40.245385,-74.089155,-14.805054276856485,-0.011580266728650795,run,-0.06729082179105994,1428802150,5273972,8.054664098309532,150.96399220977122
-1.9771686467916432,-3.614742027080704,-2.7525656780909027,male,2.8601820829191182,501309088,40.24528400000001,-74.08935600000002,-14.805054276856485,-0.011580266728650795,run,-0.06684504192170193,1428802158,5273972,8.718755044644123,152.21362310219249
-1.9693914363419287,-3.6719354742115966,-2.7792764599354105,male,3.347494134654429,501309088,40.245188,-74.089523,-14.805054276856485,-0.011580266728650795,run,-0.06639926205234395,1428802165,5273972,8.57497576175729,154.5147047365415
-1.960676068933472,-3.1391639264853626,-2.530458714229209,male,4.532388398213286,501309088,40.245112,-74.08969499999998,-14.805054276856485,-0.011580266728650795,run,-0.06595348218298594,1428802173,5273972,9.914316454044547,160.109761166629
-1.954948674072704,-4.026506606853281,-2.9448701187802167,male,3.98845462150921,501309088,40.24505300000001,-74.089872,-14.805054276856485,-0.011580266728650795,run,-0.06550770231362794,1428802181,5273972,7.683615199647439,157.54131242948245
-1.9329630780070448,-4.221591508711791,-3.035979686678337,male,4.319906690057901,501309088,40.244997,-74.090099,-14.805054276856485,-0.011580266728650795,run,-0.06506192244426995,1428802189,5273972,7.193188958559523,159.10642510192392
-1.9385972425297249,-3.309717793020563,-2.6101116701234885,male,4.920626929514615,501309088,40.24492100000001,-74.090356,-14.805054276856485,-0.011580266728650795,run,-0.06461614257491194,1428802197,5273972,9.485559072663321,161.94301883169769
-1.9344379225034345,-3.5600600662130995,-2.7270278236541556,male,4.7327774280040416,501309088,40.244885,-74.090582,-14.805054276856485,-0.011580266728650795,run,-0.06417036270555393,1428802205,5273972,8.856220672522724,161.0559957498586
-1.936939178200252,-3.6977025547153137,-2.791310336203276,male,4.814569111816934,501309088,40.244839,-74.090816,-14.805054276856485,-0.011580266728650795,run,-0.06372458283619592,1428802213,5273972,8.510199593458973,161.4422150949253
-1.9452998005197224,-3.649420758398472,-2.768761519980747,male,4.467829664643873,501309088,40.24480300000001,-74.090997,-14.805054276856485,-0.011580266728650795,run,-0.06327880296683794,1428802221,5273972,8.631575772010269,159.80491560489006
-1.9424064241566867,-3.4850888763379366,-2.692014387713114,male,4.514399406439392,501309088,40.244772,-74.091148,-14.805054276856485,-0.011580266728650795,run,-0.06283302309747993,1428802229,5273972,9.044691633063954,160.02481736430775
-1.9463844656949567,-3.7550145839476543,-2.81807649888028,male,4.520249394145824,501309088,40.244747,-74.091353,-14.805054276856485,-0.011580266728650795,run,-0.062387243228121926,1428802237,5273972,8.366122205625429,160.05244093574316
-1.9420102991566504,-4.071006040565176,-2.9656524762846592,male,4.359833463444219,501309088,40.244712,-74.091622,-14.805054276856485,-0.011580266728650795,run,-0.061941463358763924,1428802245,5273972,7.57174754716404,159.29495884458618
-1.9344291422761064,-3.0129764657844977,-2.4715259885604395,male,4.047934766606408,501309088,40.244674,-74.091883,-14.805054276856485,-0.011580266728650795,run,-0.06149568348940593,1428802253,5273972,10.23154060329644,157.82217695767173
-1.9352668624585827,-3.6013725430580386,-2.746321791793064,male,4.096213151558423,501309088,40.244622,-74.092091,-14.805054276856485,-0.011580266728650795,run,-0.061049903620047925,1428802261,5273972,8.75236474858357,158.05014690947883
-1.9352747556358207,-3.655120066747125,-2.7714232397371448,male,3.8296036161855698,501309088,40.244566,-74.09233,-14.805054276856485,-0.011580266728650795,run,-0.06060412375068992,1428802269,5273972,8.617248213375014,156.79121989709697
-1.9409310736567909,-3.534384170271764,-2.7150365442303124,male,3.2926281672272,501309088,40.244509,-74.092545,-14.805054276856485,-0.011580266728650795,run,-0.06015834388133191,1428802277,5273972,8.920767610871682,154.2556282996916
-1.9404938996866603,-3.6691893518089884,-2.777993894863785,male,3.5473662150120324,501309088,40.244474,-74.09278,-14.805054276856485,-0.011580266728650795,run,-0.059712564011973925,1428802285,5273972,8.581879271330036,155.45849829077895
-1.948531028022904,-3.6304950914925738,-2.759922879955246,male,3.2932710370041574,501309088,40.244422,-74.093012,-14.805054276856485,-0.011580266728650795,run,-0.05926678414261592,1428802293,5273972,8.679153229785419,154.25866392302942
-1.9567017433098068,-2.9226630643438307,-2.429348034039723,male,3.2659690333889544,501309088,40.244365,-74.093228,-14.805054276856485,-0.011580266728650795,run,-0.05882100427325791,1428802301,5273972,10.458580530868764,154.12974419105038
-1.9632400907053984,-4.2180183355421415,-3.0343027042163127,male,3.4910665981727838,501309088,40.244328,-74.093482,-14.805054276856485,-0.011580266728650795,run,-0.0583752244038999,1428802309,5273972,7.202171600832981,155.19265217868636
-1.960802369768608,-3.4030316949577277,-2.6537326446974028,male,3.2840865515402,501309088,40.244286,-74.09373199999997,-14.805054276856485,-0.011580266728650795,run,-0.05792944453454193,1428802317,5273972,9.250976151420744,154.21529489337618
-1.968567709185061,-3.4952313657919984,-2.6966617015362,male,3.4311220388736565,501309088,40.244206,-74.09392700000002,-14.805054276856485,-0.011580266728650795,run,-0.05748366466518391,1428802325,5273972,9.019194308920246,154.90959469223355
-1.977016316465513,-4.135683339612583,-2.995365270384412,male,3.179046763937935,501309088,40.244074,-74.094116,-14.805054276856485,-0.011580266728650795,run,-0.0570378847958259,1428802333,5273972,7.409154520469728,153.71929828244328
-1.972785419200917,-3.681084025311669,-2.7895006948877272,male,2.7943714753202875,501309088,40.243926,-74.09424200000002,-14.805054276856485,-0.011580266728650795,run,-0.056592104926467886,1428802341,5273972,8.55197711099208,151.9028662063764
-1.968770251624984,-3.532907592035836,-2.6846415455833705,male,2.686311494576052,501309088,40.243787,-74.09437700000002,-14.805054276856485,-0.011580266728650795,run,-0.05614632505710989,1428802349,5273972,8.92447959835518,151.39260827983182
-1.966233480667381,-3.859744585080613,-3.055152499897736,male,2.6031667927466344,501309088,40.243668,-74.094542,-14.805054276856485,-0.011580266728650795,run,-0.05570054518775189,1428802357,5273972,8.102840217652709,151.0
-1.9518789556543747,-3.7029021863661225,-2.7692977152374905,male,2.9413129693178237,501309088,40.243538,-74.09468000000003,-14.805054276856485,-0.011580266728650795,run,-0.055254765318393885,1428802365,5273972,8.497128177981635,152.5967221698345
-1.9375125881269943,-3.8754800019503097,-2.8811127765669653,male,3.796096752185932,501309088,40.243356,-74.094726,-14.805054276856485,-0.011580266728650795,run,-0.05480898544903589,1428802373,5273972,8.063282767158908,156.63300088917455
-1.921895115130713,-4.024927111272561,-2.94316384649446,male,4.399581690951745,501309088,40.24325,-74.094881,-14.805054276856485,-0.011580266728650795,run,-0.05436320557967789,1428802381,5273972,7.687585912260706,159.48264949576088
-1.90921031008204,-3.1592437752375044,-2.539836509875303,male,4.932694128531444,501309088,40.24310300000001,-74.095016,-14.805054276856485,-0.011580266728650795,run,-0.053917425710319884,1428802389,5273972,9.863837484881325,162.0
-1.90572442173548,-3.8660204825104936,-2.8699528106547283,male,5.009594742296816,501309088,40.242969,-74.09515,-14.805054276856485,-0.011580266728650795,run,-0.05347164584096188,1428802397,5273972,8.087063164909686,162.36312377125813
-1.904409994915236,-3.3143263180310347,-2.6122546085172558,male,5.439688471883214,501309088,40.242859,-74.0953,-14.805054276856485,-0.011580266728650795,run,-0.05302586597160388,1428802405,5273972,9.473973647157226,164.39402117811622
-1.910080212629019,-4.422987336791215,-3.1300379540997136,male,5.03260899832315,501309088,40.242784,-74.095515,-14.805054276856485,-0.011580266728650795,run,-0.052580086102245883,1428802413,5273972,6.6868976054366875,162.47179681080604
-1.9089770507044863,-3.9456164291674014,-2.9070923662942376,male,4.720918916187371,501309088,40.242699,-74.095711,-14.805054276856485,-0.011580266728650795,run,-0.052134306232887874,1428802421,5273972,7.886965973620665,161.0
-1.9110615188590083,-3.921920369960324,-2.896025662561556,male,4.492951887683834,501309088,40.242614,-74.095946,-14.805054276856485,-0.011580266728650795,run,-0.05168852636352987,1428802429,5273972,7.946535776997621,159.92354243926738
-1.9005748439326635,-3.401491071478913,-2.6529721179956733,male,4.5029315225229976,501309088,40.242585,-74.09616199999998,-14.805054276856485,-0.011580266728650795,run,-0.05124274649417186,1428802437,5273972,9.254849142997484,159.97066615468572
-1.910845248852589,-3.1311202970209533,-2.526702134615176,male,4.548631199953877,501309088,40.242594,-74.096346,-14.805054276856485,-0.011580266728650795,run,-0.05079696662481386,1428802445,5273972,9.934537429247413,160.18645948066109
-1.9327942910238785,-3.536962216740477,-2.7162405455779046,male,4.085593279155147,501309088,40.242543,-74.096537,-14.805054276856485,-0.011580266728650795,run,-0.050351186755455864,1428802453,5273972,8.914286629376159,158.0
-1.9452227091951413,-3.607712176513509,-2.749282560694837,male,4.123638738231359,501309088,40.242435,-74.096744,-14.805054276856485,-0.011580266728650795,run,-0.04990540688609786,1428802461,5273972,8.736427469092323,158.17965019916684
-1.965598641753716,-3.7723953361050953,-2.826193748344416,male,3.84071396481772,501309088,40.242409,-74.09697299999998,-14.805054276856485,-0.011580266728650795,run,-0.049459627016739866,1428802469,5273972,8.322428527300506,156.84368282941645
-1.9633264522346865,-3.335278250038464,-2.6220490480163527,male,3.837480445573531,501309088,40.242227,-74.097004,-14.805054276856485,-0.011580266728650795,run,-0.04901384714738186,1428802477,5273972,9.421302337588713,156.82841419052147
-1.9515498028503449,-3.3017296680012462,-2.6063810143326376,male,3.6620428544670016,501309088,40.242107,-74.097123,-14.805054276856485,-0.011580266728650795,run,-0.04856806727802385,1428802485,5273972,9.50564051458549,156.0
-1.9541254825196408,-3.4731183241790955,-2.68642383803773,male,4.1339761565666695,501309088,40.241989,-74.097314,-14.805054276856485,-0.011580266728650795,run,-0.04812228740866585,1428802493,5273972,9.074784545652673,158.22846336394142
-1.9474886537719027,-3.012590847813404,-2.471345895166994,male,4.075632505699019,501309088,40.241845,-74.097453,-14.805054276856485,-0.011580266728650795,run,-0.04767650753930785,1428802501,5273972,10.232510012872773,157.952965347805
-1.94324983801231,-4.021360288127688,-2.9424666581797885,male,4.074563302204112,501309088,40.241693,-74.097555,-14.805054276856485,-0.011580266728650795,run,-0.04723072766994985,1428802509,5273972,7.696552591131805,157.94791658178997
-1.956852080076374,-3.388630768066556,-2.6469660191248794,male,4.085593279155147,501309088,40.24155800000001,-74.097616,-14.805054276856485,-0.011580266728650795,run,-0.04678494780059185,1428802517,5273972,9.287178811781116,158.0
-1.9433636889996424,-3.4357730010357583,-2.6689826305318034,male,3.6832996447081015,501309088,40.24137800000001,-74.097655,-14.805054276856485,-0.011580266728650795,run,-0.04633916793123385,1428802525,5273972,9.168667395001432,156.10037430729412
-1.9325421361421795,-3.3864588314225097,-2.645951669950464,male,4.394659159117989,501309088,40.241173,-74.09765300000002,-14.805054276856485,-0.011580266728650795,run,-0.04589338806187584,1428802533,5273972,9.29263886898735,159.45940535977698
-1.9252405369341004,-4.127152074123966,-2.9918740895979443,male,4.189226663889344,501309088,40.241003000000006,-74.097622,-14.805054276856485,-0.011580266728650795,run,-0.045447608192517835,1428802541,5273972,7.4306013696387065,158.48935559354237
-1.9360599223096373,-3.3758837355675304,-2.6410128335533383,male,4.085593279155149,501309088,40.240831,-74.097612,-14.805054276856485,-0.011580266728650795,run,-0.04500182832315984,1428802549,5273972,9.319223727476624,158.0
-1.947945730011326,-3.5448647134861364,-2.719931210805988,male,4.166446546776824,501309088,40.240664,-74.097561,-14.805054276856485,-0.011580266728650795,run,-0.04455604845380184,1428802557,5273972,8.894420449383437,158.38178815512322
-1.957932658646304,-3.1562988283975173,-2.53846114544926,male,4.628278733431778,501309088,40.240482,-74.09751,-14.805054276856485,-0.011580266728650795,run,-0.044110268584443835,1428802565,5273972,9.871240821557713,160.56255417369113
-1.9731400247083624,-3.98154810467778,-2.9238733647129687,male,4.924595567734519,501309088,40.240326,-74.097453,-14.805054276856485,-0.011580266728650795,run,-0.04366448871508583,1428802573,5273972,7.7966369097686306,161.9617586935351
-1.9805395698670007,-2.8475552066536545,-2.3942700896555857,male,4.509143703843296,501309088,40.240156,-74.097378,-14.805054276856485,-0.011580266728650795,run,-0.043218708845727816,1428802581,5273972,10.647395062245849,160.0
-1.9968604656297948,-3.131889763114183,-2.5270614965293534,male,3.983147313172241,501309088,40.239955,-74.097279,-14.805054276856485,-0.011580266728650795,run,-0.04277292897636982,1428802589,5273972,9.93260305933897,157.51625138348834
-2.0001336120764788,-3.8837582699524,-2.8782030462937613,male,3.4505583857396562,501309088,40.239815,-74.097243,-14.805054276856485,-0.011580266728650795,run,-0.042327149107011824,1428802597,5273972,8.042471931362256,155.00137288785362
-2.0094572826215416,-3.5237064296403884,-2.710049758780297,male,2.9162976825108875,501309088,40.239648,-74.097183,-14.805054276856485,-0.011580266728650795,run,-0.04188136923765382,1428802605,5273972,8.947610509277807,152.47860028706052
-2.01008332790535,-2.8782506674670048,-2.4086056437886594,male,2.6031667927466344,501309088,40.239465,-74.097146,-14.805054276856485,-0.011580266728650795,run,-0.04143558936829582,1428802613,5273972,10.570229380423527,151.0
-2.0130225238316517,-3.4673859031960643,-2.6837466529055685,male,2.7869527763614204,501309088,40.239288,-74.09715600000001,-14.805054276856485,-0.011580266728650795,run,-0.040989809498937824,1428802621,5273972,9.089195346530953,151.86783519931592
-2.0137225911888046,-3.579016096657744,-2.7358807678157944,male,2.6441400062494647,501309088,40.239142,-74.09718000000002,-14.805054276856485,-0.011580266728650795,run,-0.040544029629579814,1428802629,5273972,8.808566883488565,151.19347502027887
-2.01360408080362,-3.6884578883901615,-2.7869928439400042,male,3.1426129971084125,501309088,40.238971,-74.09720300000002,-14.805054276856485,-0.011580266728650795,run,-0.04009824976022181,1428802637,5273972,8.533439869424791,153.54725847463834
-2.027351811199908,-3.8313107141467695,-2.853708715357638,male,3.4502676421229284,501309088,40.238811,-74.097256,-14.805054276856485,-0.011580266728650795,run,-0.039652469890863816,1428802645,5273972,8.174320461940285,155.0
-2.0393085140516383,-2.6713442777155847,-2.311975143016108,male,3.4269330446075235,501309088,40.238653,-74.09737700000002,-14.805054276856485,-0.011580266728650795,run,-0.039206690021505806,1428802653,5273972,11.090373799679798,154.889814311802
-2.0290547728086032,-3.5044397528929347,-2.7010517347529976,male,3.645675262971196,501309088,40.238543,-74.097494,-14.805054276856485,-0.011580266728650795,run,-0.038760910152147804,1428802660,5273972,8.996045235725079,155.92271243024788
-2.0301069713268083,-3.962306812522819,-2.9148871968984613,male,4.0478738001434085,501309088,40.23839,-74.097581,-14.805054276856485,-0.011580266728650795,run,-0.0383151302827898,1428802668,5273972,7.845007821588736,157.8218890747683
-2.0332561891942484,-3.788696723904174,-2.8338069074758905,male,4.085593279155149,501309088,40.238231,-74.097661,-14.805054276856485,-0.011580266728650795,run,-0.0378693504134318,1428802676,5273972,8.281448275796388,158.0
-2.030933784021381,-3.952823425773941,-2.9104581936743656,male,3.7316063645310935,501309088,40.238086,-74.097718,-14.805054276856485,-0.011580266728650795,run,-0.0374235705440738,1428802684,5273972,7.868848219649927,156.3284780560204
-2.0321193514627622,-3.717986525269288,-2.8007836140093803,male,3.955928712718768,501309088,40.237938,-74.097803,-14.805054276856485,-0.011580266728650795,run,-0.036977790674715794,1428802692,5273972,8.459207480084977,157.38772548023366
-2.0423664724921418,-3.101485293321093,-2.5128612937917327,male,3.440086843814239,501309088,40.237755,-74.097899,-14.805054276856485,-0.011580266728650795,run,-0.0365320108053578,1428802700,5273972,10.009037215395344,154.95192639310332
-2.0444147346679973,-3.5640032423858456,-2.7288693863472337,male,3.6620428544670025,501309088,40.237616,-74.09799699999998,-14.805054276856485,-0.011580266728650795,run,-0.0360862309359998,1428802708,5273972,8.846307875325584,156.0
-2.060563697249532,-3.992944184962078,-2.929211366442132,male,3.4029248972602164,501309088,40.237442,-74.098107,-14.805054276856485,-0.011580266728650795,run,-0.03564045106664178,1428802716,5273972,7.767988168816768,154.77644812941662
-2.0535831608752466,-3.6267193226812897,-2.7580492337669607,male,2.997924234273116,501309088,40.237277,-74.09814,-14.805054276856485,-0.011580266728650795,run,-0.03519467119728379,1428802724,5273972,8.688645179637476,152.86403988057447
-2.0548861707830923,-3.5205352563287846,-2.7089660335704626,male,2.847825892173248,501309088,40.237151,-74.098187,-14.805054276856485,-0.011580266728650795,run,-0.03474889132792579,1428802732,5273972,8.955582559355658,152.15527731842909
-2.059430807098048,-4.315459290362194,-3.079818307423709,male,2.391391580402561,501309088,40.236997,-74.09823100000001,-14.805054276856485,-0.011580266728650795,run,-0.03430311145856778,1428802740,5273972,6.957213632557843,150.0
-2.048959171319087,-3.5585068592652864,-2.7149031482167416,male,2.8264469574484616,501309088,40.236847,-74.098201,-14.805054276856485,-0.011580266728650795,run,-0.03385733158920978,1428802748,5273972,8.860125297830939,152.05432624635532
-2.047093199832486,-4.203543464183311,-3.1250592856260484,male,3.1750664564749242,501309088,40.236661,-74.09817,-14.805054276856485,-0.011580266728650795,run,-0.03341155171985178,1428802756,5273972,7.238560151064769,153.70050331858062
-2.054472655557494,-2.7537099857420086,-2.3687911699421345,male,3.4685867129071934,501309088,40.236484,-74.098127,-14.805054276856485,-0.011580266728650795,run,-0.032965771850493784,1428802764,5273972,10.88331367253966,155.08650243142955
-2.045914861286556,-4.100966825577807,-2.982923101000903,male,3.444918924278744,501309088,40.236296,-74.098029,-14.805054276856485,-0.011580266728650795,run,-0.032519991981135775,1428802772,5273972,7.496428775522531,154.97474341881198
-2.0442699098587243,-4.14488103432695,-2.9986508780976315,male,3.5791806606734298,501309088,40.236131,-74.097941,-14.805054276856485,-0.011580266728650795,run,-0.032074212111777765,1428802780,5273972,7.386032326991558,155.6087257197082
-2.034161678253539,-4.0766648851304135,-2.9685964499688544,male,4.055698497030935,501309088,40.235966,-74.097887,-14.805054276856485,-0.011580266728650795,run,-0.03162843224241977,1428802788,5273972,7.557521710912276,157.85883719915415
-2.028666772465338,-3.8449005806600094,-2.8600305731796096,male,4.065100901375319,501309088,40.235802,-74.09778399999998,-14.805054276856485,-0.011580266728650795,run,-0.031182652373061767,1428802796,5273972,8.14015673585241,157.90323523913398
-2.024068642095616,-3.6570250817145116,-2.7723084028140934,male,4.557439928596292,501309088,40.23565,-74.09773299999998,-14.805054276856485,-0.011580266728650795,run,-0.03073687250370376,1428802804,5273972,8.612459173727299,160.22805419113232
-2.0234053386400004,-3.8590450818445983,-2.866663440432235,male,4.707332798936919,501309088,40.235468,-74.097629,-14.805054276856485,-0.011580266728650795,run,-0.030291092634345762,1428802812,5273972,8.104598707107304,160.93584651810724
-2.0142664020046435,-3.46479764481158,-2.6825374550269414,male,4.080862268321651,501309088,40.235302,-74.09750799999998,-14.805054276856485,-0.011580266728650795,run,-0.029845312764987763,1428802820,5273972,9.095701999882255,157.97766022387069
-2.0085294426761227,-3.942044319071018,-2.9054241352794388,male,3.8561341876122968,501309088,40.235146,-74.097404,-14.805054276856485,-0.011580266728650795,run,-0.029399532895629764,1428802828,5273972,7.8959459434216726,156.91649693558068
-2.01412980668724,-3.4808237088292384,-2.6900224532014514,male,4.151764498770334,501309088,40.234951,-74.09731500000002,-14.805054276856485,-0.011580266728650795,run,-0.02895375302627176,1428802836,5273972,9.055413888087145,158.31245970141057
-2.0087168684701227,-4.171672733965837,-3.01266635738842,male,4.344214792922802,501309088,40.234775,-74.097234,-14.805054276856485,-0.011580266728650795,run,-0.02850797315691375,1428802844,5273972,7.318680356536231,159.22120767064786
-2.010538861894433,-3.8235320351857167,-2.8500758767313417,male,4.477444548051788,501309088,40.234629,-74.09718000000002,-14.805054276856485,-0.011580266728650795,run,-0.02806219328755576,1428802852,5273972,8.193875374940504,159.8503169684467
-2.0117557703731133,-3.367065283456697,-2.6368943940278773,male,4.547249799726874,501309088,40.234454,-74.097099,-14.805054276856485,-0.011580266728650795,run,-0.027616413418197747,1428802860,5273972,9.341392538490334,160.17993652544033
-2.0114984308304216,-3.936876671689783,-2.9030106791856003,male,4.508802240164761,501309088,40.234297,-74.09699499999998,-14.805054276856485,-0.011580266728650795,run,-0.027170633548839748,1428802868,5273972,7.9089369532656075,159.9983876126259
-1.996143928568042,-3.622584946066121,-2.7562285190067644,male,4.606683381647781,501309088,40.23411,-74.096879,-14.805054276856485,-0.011580266728650795,run,-0.026724853679481745,1428802876,5273972,8.699038637887206,160.4605811828724
-2.004816274340256,-3.424637528666044,-2.663782084172573,male,4.557596203793209,501309088,40.233974,-74.09678100000002,-14.805054276856485,-0.011580266728650795,run,-0.02627907381012374,1428802884,5273972,9.196660990635904,160.22879212072843
-2.004628241717749,-3.091990690886445,-2.5084276238125973,male,4.882415229670339,501309088,40.233828,-74.096711,-14.805054276856485,-0.011580266728650795,run,-0.02583329394076574,1428802892,5273972,10.032905808701585,161.7625836456279
-1.9847782550097195,-3.506365642791542,-2.701951174103788,male,4.906103634447552,501309088,40.233661,-74.096603,-14.805054276856485,-0.011580266728650795,run,-0.02538751407140774,1428802900,5273972,8.991203718340982,161.87444000745143
-1.9643607923138395,-3.591062784847068,-2.7415068749364324,male,5.189895188459912,501309088,40.233496,-74.09654,-14.805054276856485,-0.011580266728650795,run,-0.02494173420204973,1428802908,5273972,8.778282571632728,163.21450030474105
-1.9784864620207585,-4.115116143054897,-2.9862530063233934,male,5.371608209374807,501309088,40.23330900000001,-74.09643299999998,-14.805054276856485,-0.011580266728650795,run,-0.024495954332691732,1428802916,5273972,7.460858639042764,164.07254699917505
-1.9711127007547944,-4.187208340565018,-3.019921880241359,male,4.929081569531913,501309088,40.23314,-74.096366,-14.805054276856485,-0.011580266728650795,run,-0.02405017446333373,1428802924,5273972,7.2796252114436415,161.98294153994914
-1.967267762530478,-3.8505734220367898,-2.8627048856183177,male,4.883228096399977,501309088,40.232987,-74.09630899999998,-14.805054276856485,-0.011580266728650795,run,-0.023604394593975727,1428802932,5273972,8.125895712850639,161.76642199252717
-1.9588071411878805,-4.415617702489897,-3.1265948112094053,male,4.607790198697533,501309088,40.2328,-74.096176,-14.805054276856485,-0.011580266728650795,run,-0.023158614724617728,1428802940,5273972,6.7054242162310445,160.46580755963996
-1.9462839245754304,-3.5303555434663703,-2.713155062582995,male,5.052875074144322,501309088,40.232619,-74.09603800000002,-14.805054276856485,-0.011580266728650795,run,-0.022712834855259725,1428802948,5273972,8.930895223424438,162.5674929765511
-1.9410336390073804,-3.2952830173827117,-2.603370265952577,male,5.5609565711638655,501309088,40.232461,-74.09597099999998,-14.805054276856485,-0.011580266728650795,run,-0.02226705498590172,1428802956,5273972,9.521846825788128,164.96664768118222
-1.941197412155704,-4.015153811980688,-2.9395680773335244,male,5.137789797752284,501309088,40.2323,-74.09592099999998,-14.805054276856485,-0.011580266728650795,run,-0.02182127511654372,1428802964,5273972,7.712155124891098,162.96845927788576
-1.93111356069448,-4.273265846367028,-3.060112905242862,male,5.302019831127361,501309088,40.232115,-74.09589799999998,-14.805054276856485,-0.011580266728650795,run,-0.021375495247185718,1428802972,5273972,7.063284230230797,163.7439515158926
-1.9272990625321127,-3.591516975670637,-2.7417189935026847,male,5.259051082503687,501309088,40.231905,-74.09586800000002,-14.805054276856485,-0.011580266728650795,run,-0.020929715377827715,1428802980,5273972,8.777140775951885,163.5410536028268
-1.9253272162547703,-3.714929446561701,-2.7993557290419586,male,5.358328507949231,501309088,40.231722,-74.095832,-14.805054276856485,-0.011580266728650795,run,-0.02048393550846972,1428802988,5273972,8.466892706388954,164.00984040911388
-1.9254269592687032,-3.065904832771716,-2.4962448703629168,male,5.327853082650077,501309088,40.231543,-74.095866,-14.805054276856485,-0.011580266728650795,run,-0.02003815563911171,1428802996,5273972,10.098483355804834,163.86593581819486
-1.9393075724389195,-2.776034675697226,-2.360868198431776,male,4.7373013032288425,501309088,40.231378,-74.095925,-14.805054276856485,-0.011580266728650795,run,-0.01959237576975371,1428803004,5273972,10.827191370537367,161.07735743414042
-1.9353945901559653,-3.7648471752383763,-2.822668566923652,male,4.4811685587030325,501309088,40.231234,-74.096039,-14.805054276856485,-0.011580266728650795,run,-0.019146595900395705,1428803012,5273972,8.341403938138177,159.8679017018535
-1.9355763132565933,-4.2004296428519705,-3.0260965617616886,male,4.517976555781198,501309088,40.231088,-74.096135,-14.805054276856485,-0.011580266728650795,run,-0.018700816031037702,1428803020,5273972,7.246388023321417,160.04170862038166
-1.9395106420086592,-3.5228171959883183,-2.709634464243901,male,4.547665397691105,501309088,40.230887,-74.096262,-14.805054276856485,-0.011580266728650795,run,-0.018255036161679703,1428803028,5273972,8.949845964268324,160.18189897401786
-1.9385285248573216,-3.9264320085088182,-2.89813275814911,male,5.003268332714064,501309088,40.230709,-74.09634,-14.805054276856485,-0.011580266728650795,run,-0.017809256292321697,1428803036,5273972,7.935193915513697,162.33325054146545
-1.9343064886259758,-3.003911823252969,-2.4672925718476346,male,4.694957632262188,501309088,40.230544,-74.096423,-14.805054276856485,-0.011580266728650795,run,-0.017363476422963698,1428803044,5273972,10.254328315319217,160.87741113023648
-1.9337798467121827,-3.9387193667386486,-2.903871264292472,male,4.117060361720221,501309088,40.230404,-74.096503,-14.805054276856485,-0.011580266728650795,run,-0.016917696553605695,1428803052,5273972,7.90430458039781,158.14858718457543
-1.9264675479051336,-3.5085482638611296,-2.7029705134500004,male,4.0967089879288965,501309088,40.230249,-74.096579,-14.805054276856485,-0.011580266728650795,run,-0.01647191668424769,1428803060,5273972,8.985716801431062,158.05248824284348
-1.922288141060156,-3.549677766345628,-2.722179024516888,male,4.013794979587812,501309088,40.230095,-74.096638,-14.805054276856485,-0.011580266728650795,run,-0.01602613681488969,1428803068,5273972,8.882320858899751,157.66096929488288
-1.916236814798801,-3.4462482372623238,-2.6738748465718207,male,4.638962439909658,501309088,40.22994600000001,-74.0967,-14.805054276856485,-0.011580266728650795,run,-0.015580356945531688,1428803076,5273972,9.142333574812582,160.61300250690078
-1.901254268852883,-4.1076952564421445,-2.9827872289506017,male,4.942273197243682,501309088,40.229794,-74.09684,-14.805054276856485,-0.011580266728650795,run,-0.015134577076173685,1428803084,5273972,7.479514093628746,162.04523224699534
-1.8984625420940624,-3.6808368482171807,-2.783433426427365,male,5.172225941227072,501309088,40.229614,-74.096953,-14.805054276856485,-0.011580266728650795,run,-0.014688797206815684,1428803092,5273972,8.552598492412057,163.1310663322885
-1.901552439870472,-3.673703257052812,-2.7801044680764946,male,5.497285910356818,501309088,40.229447,-74.097029,-14.805054276856485,-0.011580266728650795,run,-0.014243017337457682,1428803100,5273972,8.570531711573919,164.66599558832257
-1.8875255268046158,-3.4711474402673668,-2.68549136200323,male,5.17139301159228,501309088,40.229301,-74.097109,-14.805054276856485,-0.011580266728650795,run,-0.013797237468099676,1428803108,5273972,9.079739174018279,163.12713324859294
-1.9184522132380528,-3.9050590718770737,-2.8881772809006647,male,4.915682700268362,501309088,40.229157,-74.097193,-14.805054276856485,-0.011580266728650795,run,-0.013351457598741677,1428803116,5273972,7.98892359358442,161.9196722407935
-1.91291982631854,-3.822167547026993,-2.849583136982758,male,4.929554493301247,501309088,40.228971,-74.097224,-14.805054276856485,-0.011580266728650795,run,-0.012905677729383674,1428803124,5273972,8.197305577853784,161.98517468028743
-1.9172368036024752,-3.3619397359548486,-2.6327565340600567,male,4.9347668275061185,501309088,40.228817,-74.09732,-14.805054276856485,-0.011580266728650795,run,-0.012459897860025671,1428803132,5273972,9.354277712949774,162.00978725957458
-1.930869456336339,-3.3507101376978166,-2.6379611661154074,male,4.929125824591075,501309088,40.228691,-74.097397,-14.805054276856485,-0.011580266728650795,run,-0.012014117990667669,1428803140,5273972,9.382507932765137,161.9831505118051
-1.942002678199729,-3.0875247383848143,-2.487356463029323,male,4.939881867868784,501309088,40.228544,-74.097484,-14.805054276856485,-0.011580266728650795,run,-0.011568338121309668,1428803148,5273972,10.0441328194922,162.0339404185116
-1.952575601911973,-3.51053948474842,-2.8904756943849907,male,4.584637369331588,501309088,40.228361,-74.097564,-14.805054276856485,-0.011580266728650795,run,-0.011122558251951666,1428803156,5273972,8.980711047702169,160.35648017845278
-1.959485976479057,-3.3098755128396,-2.5825288516013902,male,3.8193077137106846,501309088,40.228355,-74.097707,-14.805054276856485,-0.011580266728650795,run,-0.01067677838259366,1428803163,5273972,9.48516257894567,156.74260276971498
-1.9733136380263685,-4.099593866590158,-2.9829571829930224,male,3.635440591539989,501309088,40.228572,-74.097628,-14.805054276856485,-0.011580266728650795,run,-0.010230998513235659,1428803171,5273972,7.499880273352785,155.8743844351161
-1.98701543333635,-3.189204421388653,-2.553828887034041,male,3.8738180668110767,501309088,40.228725,-74.09758199999997,-14.805054276856485,-0.011580266728650795,run,-0.009785218643877658,1428803179,5273972,9.788519062325332,157.0
-1.9859329978293188,-3.6755939278258474,-2.7808472620171267,male,4.011790954238991,501309088,40.228862,-74.09751,-14.805054276856485,-0.011580266728650795,run,-0.009339438774519657,1428803187,5273972,8.56577873196596,157.65150631134182
-1.979918260603472,-3.8619760243401866,-2.868068388018654,male,3.6012325943022283,501309088,40.229002,-74.097463,-14.805054276856485,-0.011580266728650795,run,-0.008893658905161653,1428803195,5273972,8.097230576117857,155.71285468449454
-1.9778574443927623,-3.3837876981324557,-2.6446987227500545,male,3.8083612334358787,501309088,40.229141,-74.097369,-14.805054276856485,-0.011580266728650795,run,-0.00844787903580365,1428803203,5273972,9.299353862543523,156.69091362180362
-1.9705560685076835,-4.298125782570697,-3.0717231222504986,male,4.085593279155149,501309088,40.22929,-74.09728100000002,-14.805054276856485,-0.011580266728650795,run,-0.00800209916644565,1428803211,5273972,7.0007885427126855,158.0
-1.972191043217228,-3.378356103836333,-2.64216768218666,male,4.264241640750861,501309088,40.229451,-74.097204,-14.805054276856485,-0.011580266728650795,run,-0.007556319297087645,1428803219,5273972,9.313008411657188,158.84357541006952
-1.9694040516422757,-3.9127895416167537,-2.8917613293725686,male,5.0175324764464335,501309088,40.229601,-74.097102,-14.805054276856485,-0.011580266728650795,run,-0.007110539427729644,1428803227,5273972,7.969489874315742,162.400605656233
-1.960871872392284,-3.676728842396949,-2.78151509127679,male,4.925632140800183,501309088,40.229747,-74.097018,-14.805054276856485,-0.011580266728650795,run,-0.0066647595583716425,1428803235,5273972,8.562925656808636,161.96665337905654
-1.9541739708478305,-3.7384441218597884,-2.8103376752882507,male,4.932694128531444,501309088,40.229913,-74.096902,-14.805054276856485,-0.011580266728650795,run,-0.006218979689013639,1428803243,5273972,8.407778886165145,162.0
-1.957307851271704,-3.3830007677277822,-2.6443366667530315,male,5.172242981937308,501309088,40.230065,-74.096855,-14.805054276856485,-0.011580266728650795,run,-0.0057731998196556365,1428803251,5273972,9.301332136190972,163.1311467983168
-1.9573980657606216,-3.7469476508489215,-2.814309037800907,male,5.06476778265333,501309088,40.230241,-74.096795,-14.805054276856485,-0.011580266728650795,run,-0.005327419950297635,1428803259,5273972,8.386401764110115,162.62365020277872
-1.9485593146999016,-3.6927745313802767,-2.7890088250437435,male,4.628037472242396,501309088,40.230381,-74.096727,-14.805054276856485,-0.011580266728650795,run,-0.004881640080939632,1428803267,5273972,8.522588209580316,160.56141494126297
-1.9625567297286841,-3.473174145513189,-2.6864499080082798,male,4.085593279155149,501309088,40.230523,-74.096644,-14.805054276856485,-0.011580266728650795,run,-0.004435860211581631,1428803275,5273972,9.074644215740973,158.0
-1.9650234127349964,-3.816387245952869,-2.8467390794418708,male,4.1888109523238315,501309088,40.230673,-74.09654,-14.805054276856485,-0.011580266728650795,run,-0.003990080342223628,1428803283,5273972,8.211836745059102,158.4873926085409
-1.9677846874616152,-3.5271276941412517,-2.7116475755633966,male,4.52537575120277,501309088,40.230842,-74.096435,-14.805054276856485,-0.011580266728650795,run,-0.003544300472865625,1428803291,5273972,8.939009752002688,160.07664753197417
-1.9707467369913991,-3.3115376588581418,-2.610961593354439,male,4.679263610057078,501309088,40.230989,-74.09634399999999,-14.805054276856485,-0.011580266728650795,run,-0.0030985206035076237,1428803299,5273972,9.480984090419662,160.80330414655606
-1.961740321907244,-4.232545913530517,-3.0410956699251543,male,4.509143703843296,501309088,40.231126,-74.09626,-14.805054276856485,-0.011580266728650795,run,-0.002652740734149621,1428803307,5273972,7.165650550782074,160.0
-1.9633965639900517,-3.77933860895652,-2.829436431846565,male,4.045166369109463,501309088,40.231321,-74.096173,-14.805054276856485,-0.011580266728650795,run,-0.0022069608647916185,1428803315,5273972,8.304973751595506,157.80910461806073
-1.9596351669223941,-3.409414204833103,-2.6566724081134616,male,4.140344932671844,501309088,40.231482,-74.096098,-14.805054276856485,-0.011580266728650795,run,-0.0017611809954336164,1428803323,5273972,9.234931084390613,158.25853664794226
-1.975846290825148,-3.947047950863632,-2.9077609230197328,male,3.742016153097917,501309088,40.231684,-74.09606099999998,-14.805054276856485,-0.011580266728650795,run,-0.0013154011260756145,1428803331,5273972,7.883367254304978,156.3776329521558
-1.97978585050328,-3.5036706635213215,-2.7006925508353152,male,3.6620428544670025,501309088,40.231865,-74.09602,-14.805054276856485,-0.011580266728650795,run,-0.000869621256717612,1428803339,5273972,8.9979786585886,156.0
-1.9784662547956733,-3.3972539119283147,-2.6509932447260587,male,3.5665298862704238,501309088,40.23203400000001,-74.096016,-14.805054276856485,-0.011580266728650795,run,-0.00042384138735960977,1428803347,5273972,9.265500988483698,155.54898891546662
-1.9717906173813835,-3.9423792132531013,-2.9055805048414283,male,4.137016400222541,501309088,40.232212,-74.096026,-14.805054276856485,-0.011580266728650795,run,2.1938481998392512e-05,1428803355,5273972,7.895104048978196,158.242819357838
-1.9887288618061656,-3.9858931385080343,-2.9259026050642505,male,4.233134632621833,501309088,40.232341,-74.096071,-14.805054276856485,-0.011580266728650795,run,0.0004677183513563948,1428803363,5273972,7.785713877855492,158.69668849264082
-1.9970732861222649,-3.5534202146534994,-2.7239268455633905,male,4.297368491499222,501309088,40.232486,-74.09612,-14.805054276856485,-0.011580266728650795,run,0.0009134982207143973,1428803371,5273972,8.87291267385514,159.0
-1.9904847273255024,-3.3769738210485643,-2.6415219309576123,male,3.758886723888995,501309088,40.23264,-74.096198,-14.805054276856485,-0.011580266728650795,run,0.0013592780900723994,1428803379,5273972,9.316483348698792,156.45729558407737
-1.9915168851745035,-3.505820405753168,-2.7016965346596415,male,3.9141079361438016,501309088,40.232761,-74.096273,-14.805054276856485,-0.011580266728650795,run,0.0018050579594304007,1428803387,5273972,8.992574396177574,157.1902482773445
-1.9810683908939977,-3.1574617767224447,-2.5390042716387424,male,3.748319732027774,501309088,40.232904,-74.096343,-14.805054276856485,-0.011580266728650795,run,0.002250837828788404,1428803395,5273972,9.868317272015231,156.40739837588072
-1.971314161484734,-3.761864272176898,-2.8212754759851415,male,4.085593279155147,501309088,40.233079,-74.096439,-14.805054276856485,-0.011580266728650795,run,0.002696617698146407,1428803403,5273972,8.348902693408492,158.0
-1.9739939256666368,-4.304755796538989,-3.0748195059381063,male,4.5111837794693415,501309088,40.233256,-74.096523,-14.805054276856485,-0.011580266728650795,run,0.003142397567504409,1428803411,5273972,6.984121272217362,160.0096332125156
-1.9576458480660768,-3.1271353599799787,-2.524841070391464,male,4.751081603250731,501309088,40.23340200000001,-74.09660699999998,-14.805054276856485,-0.011580266728650795,run,0.00358817743686241,1428803419,5273972,9.944555209584893,161.14242784473925
-1.948154931266,-2.7588695137211334,-2.3528516349993467,male,5.694425715029963,501309088,40.233528,-74.096651,-14.805054276856485,-0.011580266728650795,run,0.004033957306220413,1428803427,5273972,10.87034307415668,165.59688736971222
-1.9592736039896084,-3.700552045027205,-2.7926411200239043,male,5.779794977907736,501309088,40.233694,-74.096691,-14.805054276856485,-0.011580266728650795,run,0.004479737175578416,1428803435,5273972,8.503036226077057,166.0
-1.9436172608244169,-4.082246657816114,-2.970902127957025,male,6.479210900234484,501309088,40.233856,-74.09676800000003,-14.805054276856485,-0.011580266728650795,run,0.004925517044936417,1428803443,5273972,7.543489626569633,169.30263355463146
-1.9457127876649405,-3.6346386809303537,-2.761857917184844,male,6.402835986257932,501309088,40.234016,-74.096845,-14.805054276856485,-0.011580266728650795,run,0.005371296914294421,1428803451,5273972,8.66873661131201,168.94199213143952
-1.9389458041124183,-3.4262547761850985,-2.6645373792297486,male,6.3077550194953655,501309088,40.234181,-74.096987,-14.805054276856485,-0.011580266728650795,run,0.0058170767836524225,1428803459,5273972,9.192595372978552,168.49302095247037
-1.932813243348305,-3.7806389305104102,-2.8300437147976027,male,5.5680197655636645,501309088,40.234367,-74.097144,-14.805054276856485,-0.011580266728650795,run,0.006262856653010424,1428803467,5273972,8.3017048578687,165.0
-1.9285302238890685,-3.709113110006137,-2.7966393621486767,male,5.351463353864575,501309088,40.234549,-74.09723199999998,-14.805054276856485,-0.011580266728650795,run,0.006708636522368426,1428803475,5273972,8.48151446361708,163.9774232342771
-1.9334573360063008,-3.2599831787770865,-2.586884288849676,male,5.352066015034146,501309088,40.234693,-74.0973,-14.805054276856485,-0.011580266728650795,run,0.007154416391726429,1428803483,5273972,9.610587507375687,163.9802689930555
-1.9414199245447081,-3.6390162123233134,-2.7639025598890803,male,5.37669527077002,501309088,40.234828,-74.097378,-14.805054276856485,-0.011580266728650795,run,0.007600196261084431,1428803491,5273972,8.657731883391797,164.09656804176495
-1.9458815999757781,-3.5848022118794747,-2.7385830295109965,male,5.144469340875516,501309088,40.234999,-74.097449,-14.805054276856485,-0.011580266728650795,run,0.008045976130442433,1428803499,5273972,8.794021100028843,163.0
-1.9487038948395845,-3.731085640526546,-2.8068946157753905,male,5.146946015721394,501309088,40.235144,-74.097527,-14.805054276856485,-0.011580266728650795,run,0.008491755999800434,1428803507,5273972,8.426277459381202,163.01169482876898
-1.9447275280111167,-3.817278256862808,-2.84720041726025,male,5.16421883991594,501309088,40.235306,-74.097631,-14.805054276856485,-0.011580266728650795,run,0.008937535869158438,1428803515,5273972,8.209596822199021,163.0932568964131
-1.9417581207286665,-4.00305601135125,-2.933755012893787,male,4.978589376920391,501309088,40.235494,-74.097738,-14.805054276856485,-0.011580266728650795,run,0.00938331573851644,1428803523,5273972,7.74256792891439,162.21671680968203
-1.937723353245821,-3.730085218903264,-2.8064338568521965,male,4.932694128531444,501309088,40.235631,-74.09783,-14.805054276856485,-0.011580266728650795,run,0.009829095607874441,1428803531,5273972,8.428792431127022,162.0
-1.9320093002174987,-3.56265776918144,-2.7329203634329056,male,4.931216093624714,501309088,40.235793,-74.097921,-14.805054276856485,-0.011580266728650795,run,0.010274875477232444,1428803539,5273972,8.849690276320409,161.99302073698632
-1.9254313082984644,-3.9459862027522234,-2.8745307231823354,male,4.933062194674722,501309088,40.235962,-74.098012,-14.805054276856485,-0.011580266728650795,run,0.010720655346590448,1428803547,5273972,7.886036395434298,162.001738003892
